Vector Size,lcuda Time (ms),Thrust Time (ms)
32768,0.129719,0.565864,0.51699
65536,0.132176,0.54917,0.509064
131072,0.13533,0.585796,0.584626
262144,0.240037,0.5989,0.523835
524288,0.283137,0.635496,0.532244
1048576,0.323043,0.748255,0.646022
2097152,0.428625,0.897631,0.734417
4194304,0.694587,1.22021,0.92021
8388608,1.01069,1.97096,1.41946
16777216,1.85042,3.28071,2.24213
33554432,3.42037,5.89907,3.86798
67108864,6.40296,11.3901,7.10084
134217728,13.7311,433.094,149.986
