Vector Size,Chain Length,lcuda Time (ms),Thrust Time (ms),lcuda Manual (ms)
1048576,10,0.0974544,0.445554,0.0872528
2097152,10,0.140002,0.855485,0.144669
4194304,10,0.213757,1.32862,0.219274
8388608,10,0.310446,2.15603,0.298526
16777216,10,0.502387,4.28472,0.55111
33554432,10,0.90471,8.39235,0.915637
67108864,10,2.1619,18.5435,2.09658
134217728,10,3.86739,34.4741,3.84943
268435456,10,5.99342,58.0316,6.32684
